timestamp_ns,timestamp_ms,latitude,longitude,altitude,speed,heading,horizontal_accuracy,position_source,confidence,valid
1788513290691000064,1788513290691,28.63118,77.22175,216.0,6.6,264.79276868245114,2.8,MOCK,1.0,true
1788513291153999872,1788513291154,28.63116,77.22149999999999,216.0,6.7,264.79276868245114,2.8,MOCK,1.0,true
1788513291767000064,1788513291767,28.63114,77.22125,216.0,6.8,264.79276868245114,2.8,MOCK,1.0,true
1788513292172000000,1788513292172,28.63112,77.22099999999999,216.0,6.9,264.79276868245114,2.8,MOCK,1.0,true
1788513292771000064,1788513292771,28.6311,77.22075,216.0,7.0,264.79276868245114,2.8,MOCK,1.0,true
1788513293216999936,1788513293217,28.63108,77.2205,216.0,7.1,264.79276868245114,2.8,MOCK,1.0,true
1788513293790000128,1788513293790,28.63106,77.22025,216.0,7.2,264.79276868245114,2.8,MOCK,1.0,true
1788513294204999936,1788513294205,28.63104,77.22,216.0,7.3,264.79276868245114,2.8,MOCK,1.0,true
1788513294710000128,1788513294710,28.63102,77.21974999999999,216.0,7.4,264.79276868245114,2.8,MOCK,1.0,true
1788513295244999936,1788513295245,28.631,77.2195,216.0,7.5,281.50047767574233,2.8,MOCK,1.0,true
1788513295728999936,1788513295729,28.631050000000002,77.21921999999999,216.0,7.6,281.50047767574233,2.8,MOCK,1.0,true
1788513296275000064,1788513296275,28.6311,77.21894,216.0,7.7,281.50047767574233,2.8,MOCK,1.0,true
1788513296747000064,1788513296747,28.631149999999998,77.21866,216.0,7.8,281.50047767574233,2.8,MOCK,1.0,true
1788513297296000000,1788513297296,28.6312,77.21838,216.0,7.9,281.50047767574233,2.8,MOCK,1.0,true
1788513297766000128,1788513297766,28.63125,77.21809999999999,216.0,8.0,281.50047767574233,2.8,MOCK,1.0,true
1788513298334000128,1788513298334,28.6313,77.21782,216.0,8.1,281.50047767574233,2.8,MOCK,1.0,true
1788513298784999936,1788513298785,28.631349999999998,77.21754,216.0,8.2,281.50047767574233,2.8,MOCK,1.0,true
1788513299360000000,1788513299360,28.6314,77.21726,216.0,8.3,281.50047767574233,2.8,MOCK,1.0,true
1788513299803000064,1788513299803,28.63145,77.21698,216.0,8.4,281.50047767574233,2.8,MOCK,1.0,true
1788513300366000128,1788513300366,28.6315,77.2167,216.0,8.5,0.0,2.8,MOCK,1.0,true
1788513300820000000,1788513300820,28.6315,77.2167,216.0,8.5,0.0,2.8,MOCK,1.0,true
1788513301377999872,1788513301378,28.6315,77.2167,216.0,8.5,0.0,2.8,MOCK,1.0,true
1788513301841999872,1788513301842,28.6315,77.2167,216.0,8.5,0.0,2.8,MOCK,1.0,true
1788513302348000000,1788513302348,28.6315,77.2167,216.0,8.5,0.0,2.8,MOCK,1.0,true
1788513302856999936,1788513302857,28.6315,77.2167,216.0,8.5,0.0,2.8,MOCK,1.0,true
1788513303404999936,1788513303405,28.6315,77.2167,216.0,8.5,0.0,2.8,MOCK,1.0,true
1788513303875000064,1788513303875,28.6315,77.2167,216.0,8.5,0.0,2.8,MOCK,1.0,true
1788513304526000128,1788513304526,28.6315,77.2167,216.0,8.5,0.0,2.8,MOCK,1.0,true
1788513304894000128,1788513304894,28.6315,77.2167,216.0,8.5,0.0,2.8,MOCK,1.0,true
1788513305529999872,1788513305530,28.6315,77.2167,216.0,8.5,41.27379901605076,2.8,MOCK,1.0,true
1788513305912000000,1788513305912,28.63157,77.21677,216.0,8.77,41.27379901605076,2.8,MOCK,1.0,true
1788513306580000000,1788513306580,28.63164,77.21684,216.0,9.04,41.27379901605076,2.8,MOCK,1.0,true
1788513306929999872,1788513306930,28.631709999999998,77.21691,216.0,9.31,41.27379901605076,2.8,MOCK,1.0,true
1788513307518000128,1788513307518,28.63178,77.21698,216.0,9.58,41.27379901605076,2.8,MOCK,1.0,true
1788513307948999936,1788513307949,28.63185,77.21705,216.0,9.85,41.27379901605076,2.8,MOCK,1.0,true
1788513308472999936,1788513308473,28.63192,77.21712,216.0,10.12,41.27379901605076,2.8,MOCK,1.0,true
1788513308968999936,1788513308969,28.631990000000002,77.21719,216.0,10.389999999999999,41.27379901605076,2.8,MOCK,1.0,true
1788513309543000064,1788513309543,28.63206,77.21726,216.0,10.66,41.27379901605076,2.8,MOCK,1.0,true
1788513309988000000,1788513309988,28.63213,77.21733,216.0,10.93,41.27379901605076,2.8,MOCK,1.0,true
1788513310569999872,1788513310570,28.6322,77.2174,216.0,11.2,47.0100749403083,2.8,MOCK,1.0,true
1788513311004999936,1788513311005,28.63229,77.21751,216.0,11.459999999999999,47.0100749403083,2.8,MOCK,1.0,true
1788513311600999936,1788513311601,28.63238,77.21762,216.0,11.719999999999999,47.0100749403083,2.8,MOCK,1.0,true
1788513312024999936,1788513312025,28.63247,77.21773,216.0,11.98,47.0100749403083,2.8,MOCK,1.0,true
1788513312606000128,1788513312606,28.63256,77.21784,216.0,12.24,47.0100749403083,2.8,MOCK,1.0,true
1788513313041999872,1788513313042,28.632649999999998,77.21795,216.0,12.5,47.0100749403083,2.8,MOCK,1.0,true
1788513313640000000,1788513313640,28.63274,77.21806000000001,216.0,12.76,47.0100749403083,2.8,MOCK,1.0,true
1788513314060999936,1788513314061,28.63283,77.21817,216.0,13.02,47.0100749403083,2.8,MOCK,1.0,true
1788513314651000064,1788513314651,28.63292,77.21828000000001,216.0,13.280000000000001,47.0100749403083,2.8,MOCK,1.0,true
1788513315096999936,1788513315097,28.63301,77.21839,216.0,13.540000000000001,47.0100749403083,2.8,MOCK,1.0,true
1788513315587000064,1788513315587,28.6331,77.2185,216.0,13.8,46.04812693228155,2.8,MOCK,1.0,true
1788513316108000000,1788513316108,28.63321,77.21863,216.0,13.67,46.04812693228155,2.8,MOCK,1.0,true
1788513316606000128,1788513316606,28.633319999999998,77.21876,216.0,13.540000000000001,46.04812693228155,2.8,MOCK,1.0,true
1788513317115000064,1788513317115,28.63343,77.21889,216.0,13.41,46.04812693228155,2.8,MOCK,1.0,true
1788513317624999936,1788513317625,28.63354,77.21902,216.0,13.280000000000001,46.04812693228155,2.8,MOCK,1.0,true
1788513318176999936,1788513318177,28.63365,77.21915000000001,216.0,13.15,46.04812693228155,2.8,MOCK,1.0,true
1788513318644000000,1788513318644,28.63376,77.21928000000001,216.0,13.02,46.04812693228155,2.8,MOCK,1.0,true
1788513319182000128,1788513319182,28.633869999999998,77.21941000000001,216.0,12.89,46.04812693228155,2.8,MOCK,1.0,true
1788513319680999936,1788513319681,28.63398,77.21954000000001,216.0,12.76,46.04812693228155,2.8,MOCK,1.0,true
1788513320209999872,1788513320210,28.63409,77.21967000000001,216.0,12.63,46.04812693228155,2.8,MOCK,1.0,true
1788513320680000000,1788513320680,28.6342,77.2198,216.0,12.5,25.295400049453463,2.8,MOCK,1.0,true
1788513321231000064,1788513321231,28.63433,77.21987,216.0,12.67,25.295400049453463,2.8,MOCK,1.0,true
1788513321697999872,1788513321698,28.63446,77.21994000000001,216.0,12.84,25.295400049453463,2.8,MOCK,1.0,true
1788513322246000128,1788513322246,28.63459,77.22001,216.0,13.01,25.295400049453463,2.8,MOCK,1.0,true
1788513322716999936,1788513322717,28.63472,77.22008000000001,216.0,13.18,25.295400049453463,2.8,MOCK,1.0,true
1788513323256999936,1788513323257,28.63485,77.22015,216.0,13.35,25.295400049453463,2.8,MOCK,1.0,true
1788513323735000064,1788513323735,28.63498,77.22022,216.0,13.52,25.295400049453463,2.8,MOCK,1.0,true
1788513324300999936,1788513324301,28.63511,77.22029,216.0,13.69,25.295400049453463,2.8,MOCK,1.0,true
1788513324752999936,1788513324753,28.63524,77.22036,216.0,13.86,25.295400049453463,2.8,MOCK,1.0,true
1788513325295000064,1788513325295,28.63537,77.22043000000001,216.0,14.03,25.295400049453463,2.8,MOCK,1.0,true
1788513325771000064,1788513325771,28.6355,77.2205,216.0,14.2,25.295125824323918,2.8,MOCK,1.0,true
1788513326323000064,1788513326323,28.63563,77.22057,216.0,13.78,25.295125824323918,2.8,MOCK,1.0,true
1788513326791000064,1788513326791,28.63576,77.22064,216.0,13.36,25.295125824323918,2.8,MOCK,1.0,true
1788513327359000064,1788513327359,28.63589,77.22071,216.0,12.94,25.295125824323918,2.8,MOCK,1.0,true
1788513327808000000,1788513327808,28.636020000000002,77.22078,216.0,12.52,25.295125824323918,2.8,MOCK,1.0,true
1788513328366000128,1788513328366,28.63615,77.22085,216.0,12.1,25.295125824323918,2.8,MOCK,1.0,true
1788513328828000000,1788513328828,28.63628,77.22091999999999,216.0,11.68,25.295125824323918,2.8,MOCK,1.0,true
1788513329376000000,1788513329376,28.63641,77.22099,216.0,11.26,25.295125824323918,2.8,MOCK,1.0,true
1788513329846000128,1788513329846,28.63654,77.22106,216.0,10.84,25.295125824323918,2.8,MOCK,1.0,true
1788513330446000128,1788513330446,28.636670000000002,77.22113,216.0,10.42,25.295125824323918,2.8,MOCK,1.0,true
1788513330864000000,1788513330864,28.6368,77.2212,216.0,10.0,58.4701215198005,2.8,MOCK,1.0,true
1788513331432999936,1788513331433,28.636870000000002,77.22133,216.0,9.7,58.4701215198005,2.8,MOCK,1.0,true
1788513331884999936,1788513331885,28.63694,77.22146,216.0,9.4,58.4701215198005,2.8,MOCK,1.0,true
1788513332448999936,1788513332449,28.63701,77.22158999999999,216.0,9.1,58.4701215198005,2.8,MOCK,1.0,true
1788513332903000064,1788513332903,28.63708,77.22171999999999,216.0,8.8,58.4701215198005,2.8,MOCK,1.0,true
1788513333460000000,1788513333460,28.63715,77.22184999999999,216.0,8.5,58.4701215198005,2.8,MOCK,1.0,true
1788513333920999936,1788513333921,28.63722,77.22198,216.0,8.2,58.4701215198005,2.8,MOCK,1.0,true
1788513334483000064,1788513334483,28.63729,77.22211,216.0,7.9,58.4701215198005,2.8,MOCK,1.0,true
1788513334940999936,1788513334941,28.63736,77.22224,216.0,7.6,58.4701215198005,2.8,MOCK,1.0,true
1788513335505999872,1788513335506,28.63743,77.22237,216.0,7.3,58.4701215198005,2.8,MOCK,1.0,true
1788513335972999936,1788513335973,28.6375,77.2225,216.0,7.0,102.0586483665507,2.8,MOCK,1.0,true
1788513336519000064,1788513336519,28.63747,77.22265999999999,216.0,7.25,102.0586483665507,2.8,MOCK,1.0,true
1788513336976000000,1788513336976,28.637439999999998,77.22282,216.0,7.5,102.0586483665507,2.8,MOCK,1.0,true
1788513337550000128,1788513337550,28.63741,77.22298,216.0,7.75,102.0586483665507,2.8,MOCK,1.0,true
1788513337995000064,1788513337995,28.63738,77.22314,216.0,8.0,102.0586483665507,2.8,MOCK,1.0,true
1788513338564000000,1788513338564,28.637349999999998,77.2233,216.0,8.25,102.0586483665507,2.8,MOCK,1.0,true
1788513338798000128,1788513338798,0.0,0.0,0.0,0.0,0.0,0.0,NONE,0.0,false
1788513339080999936,1788513339081,0.0,0.0,0.0,0.0,0.0,0.0,NONE,0.0,false
1788513339599000064,1788513339599,0.0,0.0,0.0,0.0,0.0,0.0,NONE,0.0,false
1788513340076000000,1788513340076,0.0,0.0,0.0,0.0,0.0,0.0,NONE,0.0,false
1788513340611000064,1788513340611,0.0,0.0,0.0,0.0,0.0,0.0,NONE,0.0,false
1788513341096000000,1788513341096,0.0,0.0,0.0,0.0,0.0,0.0,NONE,0.0,false
1788513341608999936,1788513341609,0.0,0.0,0.0,0.0,0.0,0.0,NONE,0.0,false
1788513342113999872,1788513342114,0.0,0.0,0.0,0.0,0.0,0.0,NONE,0.0,false
1788513342656999936,1788513342657,0.0,0.0,0.0,0.0,0.0,0.0,NONE,0.0,false
1788513343132999936,1788513343133,0.0,0.0,0.0,0.0,0.0,0.0,NONE,0.0,false
1788513343665999872,1788513343666,0.0,0.0,0.0,0.0,0.0,0.0,NONE,0.0,false
1788513344151000064,1788513344151,0.0,0.0,0.0,0.0,0.0,0.0,NONE,0.0,false
1788513344697999872,1788513344698,0.0,0.0,0.0,0.0,0.0,0.0,NONE,0.0,false
1788513345169999872,1788513345170,0.0,0.0,0.0,0.0,0.0,0.0,NONE,0.0,false
1788513345729999872,1788513345730,0.0,0.0,0.0,0.0,0.0,0.0,NONE,0.0,false
1788513346187000064,1788513346187,0.0,0.0,0.0,0.0,0.0,0.0,NONE,0.0,false
1788513346753999872,1788513346754,0.0,0.0,0.0,0.0,0.0,0.0,NONE,0.0,false
1788513347206000128,1788513347206,0.0,0.0,0.0,0.0,0.0,0.0,NONE,0.0,false
1788513347779000064,1788513347779,0.0,0.0,0.0,0.0,0.0,0.0,NONE,0.0,false
1788513348224000000,1788513348224,0.0,0.0,0.0,0.0,0.0,0.0,NONE,0.0,false
1788513348796999936,1788513348797,0.0,0.0,0.0,0.0,0.0,0.0,NONE,0.0,false
1788513349247000064,1788513349247,0.0,0.0,0.0,0.0,0.0,0.0,NONE,0.0,false
1788513349838000128,1788513349838,0.0,0.0,0.0,0.0,0.0,0.0,NONE,0.0,false
1788513350268999936,1788513350269,0.0,0.0,0.0,0.0,0.0,0.0,NONE,0.0,false
1788513350872999936,1788513350873,0.0,0.0,0.0,0.0,0.0,0.0,NONE,0.0,false
1788513351287000064,1788513351287,0.0,0.0,0.0,0.0,0.0,0.0,NONE,0.0,false
1788513351793999872,1788513351794,0.0,0.0,0.0,0.0,0.0,0.0,NONE,0.0,false
1788513352300999936,1788513352301,0.0,0.0,0.0,0.0,0.0,0.0,NONE,0.0,false
1788513352808000000,1788513352808,0.0,0.0,0.0,0.0,0.0,0.0,NONE,0.0,false
1788513353316999936,1788513353317,0.0,0.0,0.0,0.0,0.0,0.0,NONE,0.0,false
1788513353825999872,1788513353826,0.0,0.0,0.0,0.0,0.0,0.0,NONE,0.0,false
1788513354347000064,1788513354347,0.0,0.0,0.0,0.0,0.0,0.0,NONE,0.0,false
1788513354844000000,1788513354844,0.0,0.0,0.0,0.0,0.0,0.0,NONE,0.0,false
1788513355359000064,1788513355359,0.0,0.0,0.0,0.0,0.0,0.0,NONE,0.0,false
1788513355945999872,1788513355946,0.0,0.0,0.0,0.0,0.0,0.0,NONE,0.0,false
1788513356372999936,1788513356373,0.0,0.0,0.0,0.0,0.0,0.0,NONE,0.0,false
1788513356948000000,1788513356948,0.0,0.0,0.0,0.0,0.0,0.0,NONE,0.0,false
1788513357390000128,1788513357390,0.0,0.0,0.0,0.0,0.0,0.0,NONE,0.0,false
1788513357980999936,1788513357981,0.0,0.0,0.0,0.0,0.0,0.0,NONE,0.0,false
1788513358415000064,1788513358415,0.0,0.0,0.0,0.0,0.0,0.0,NONE,0.0,false
1788513358944999936,1788513358945,0.0,0.0,0.0,0.0,0.0,0.0,NONE,0.0,false
1788513359428000000,1788513359428,0.0,0.0,0.0,0.0,0.0,0.0,NONE,0.0,false
1788513360022000128,1788513360022,0.0,0.0,0.0,0.0,0.0,0.0,NONE,0.0,false
1788513360446000128,1788513360446,0.0,0.0,0.0,0.0,0.0,0.0,NONE,0.0,false
1788513361014000128,1788513361014,0.0,0.0,0.0,0.0,0.0,0.0,NONE,0.0,false
1788513361471000064,1788513361471,0.0,0.0,0.0,0.0,0.0,0.0,NONE,0.0,false
1788513362035000064,1788513362035,0.0,0.0,0.0,0.0,0.0,0.0,NONE,0.0,false
1788513362492000000,1788513362492,0.0,0.0,0.0,0.0,0.0,0.0,NONE,0.0,false
1788513363081999872,1788513363082,0.0,0.0,0.0,0.0,0.0,0.0,NONE,0.0,false
1788513363510000128,1788513363510,0.0,0.0,0.0,0.0,0.0,0.0,NONE,0.0,false
1788513364104000000,1788513364104,0.0,0.0,0.0,0.0,0.0,0.0,NONE,0.0,false
1788513364520000000,1788513364520,0.0,0.0,0.0,0.0,0.0,0.0,NONE,0.0,false
1788513365112999936,1788513365113,0.0,0.0,0.0,0.0,0.0,0.0,NONE,0.0,false
1788513365542000128,1788513365542,0.0,0.0,0.0,0.0,0.0,0.0,NONE,0.0,false
1788513366144000000,1788513366144,0.0,0.0,0.0,0.0,0.0,0.0,NONE,0.0,false
1788513366563000064,1788513366563,0.0,0.0,0.0,0.0,0.0,0.0,NONE,0.0,false
1788513367168000000,1788513367168,0.0,0.0,0.0,0.0,0.0,0.0,NONE,0.0,false
1788513367580999936,1788513367581,0.0,0.0,0.0,0.0,0.0,0.0,NONE,0.0,false
1788513368196000000,1788513368196,0.0,0.0,0.0,0.0,0.0,0.0,NONE,0.0,false
1788513368596000000,1788513368596,0.0,0.0,0.0,0.0,0.0,0.0,NONE,0.0,false
1788513369111000064,1788513369111,0.0,0.0,0.0,0.0,0.0,0.0,NONE,0.0,false
1788513369641999872,1788513369642,0.0,0.0,0.0,0.0,0.0,0.0,NONE,0.0,false
1788513370121999872,1788513370122,0.0,0.0,0.0,0.0,0.0,0.0,NONE,0.0,false
1788513370660000000,1788513370660,0.0,0.0,0.0,0.0,0.0,0.0,NONE,0.0,false
1788513371140999936,1788513371141,0.0,0.0,0.0,0.0,0.0,0.0,NONE,0.0,false
1788513371684000000,1788513371684,0.0,0.0,0.0,0.0,0.0,0.0,NONE,0.0,false
1788513372159000064,1788513372159,0.0,0.0,0.0,0.0,0.0,0.0,NONE,0.0,false
1788513372702000128,1788513372702,0.0,0.0,0.0,0.0,0.0,0.0,NONE,0.0,false
1788513373176999936,1788513373177,0.0,0.0,0.0,0.0,0.0,0.0,NONE,0.0,false
1788513373718000128,1788513373718,0.0,0.0,0.0,0.0,0.0,0.0,NONE,0.0,false
1788513374196000000,1788513374196,0.0,0.0,0.0,0.0,0.0,0.0,NONE,0.0,false
1788513374760999936,1788513374761,28.6313,77.21782,216.0,8.1,281.50047767574233,2.8,MOCK,1.0,true
1788513375212999936,1788513375213,28.631349999999998,77.21754,216.0,8.2,281.50047767574233,2.8,MOCK,1.0,true
1788513375764999936,1788513375765,28.6314,77.21726,216.0,8.3,281.50047767574233,2.8,MOCK,1.0,true
1788513376231000064,1788513376231,28.63145,77.21698,216.0,8.4,281.50047767574233,2.8,MOCK,1.0,true
1788513376790000128,1788513376790,28.6315,77.2167,216.0,8.5,0.0,2.8,MOCK,1.0,true
1788513377249999872,1788513377250,28.6315,77.2167,216.0,8.5,0.0,2.8,MOCK,1.0,true
1788513377788999936,1788513377789,28.6315,77.2167,216.0,8.5,0.0,2.8,MOCK,1.0,true
1788513378268000000,1788513378268,28.6315,77.2167,216.0,8.5,0.0,2.8,MOCK,1.0,true
1788513378780000000,1788513378780,28.6315,77.2167,216.0,8.5,0.0,2.8,MOCK,1.0,true
1788513379286000128,1788513379286,28.6315,77.2167,216.0,8.5,0.0,2.8,MOCK,1.0,true
1788513379828000000,1788513379828,28.6315,77.2167,216.0,8.5,0.0,2.8,MOCK,1.0,true
1788513380303000064,1788513380303,28.6315,77.2167,216.0,8.5,0.0,2.8,MOCK,1.0,true
1788513380856000000,1788513380856,28.6315,77.2167,216.0,8.5,0.0,2.8,MOCK,1.0,true
1788513381320999936,1788513381321,28.6315,77.2167,216.0,8.5,0.0,2.8,MOCK,1.0,true
1788513381894000128,1788513381894,28.6315,77.2167,216.0,8.5,41.27379901605076,2.8,MOCK,1.0,true
1788513382339000064,1788513382339,28.63157,77.21677,216.0,8.77,41.27379901605076,2.8,MOCK,1.0,true
1788513382916999936,1788513382917,28.63164,77.21684,216.0,9.04,41.27379901605076,2.8,MOCK,1.0,true
1788513383358000128,1788513383358,28.631709999999998,77.21691,216.0,9.31,41.27379901605076,2.8,MOCK,1.0,true
1788513383944000000,1788513383944,28.63178,77.21698,216.0,9.58,41.27379901605076,2.8,MOCK,1.0,true
1788513384376000000,1788513384376,28.63185,77.21705,216.0,9.85,41.27379901605076,2.8,MOCK,1.0,true
1788513384963000064,1788513384963,28.63192,77.21712,216.0,10.12,41.27379901605076,2.8,MOCK,1.0,true
1788513385395000064,1788513385395,28.631990000000002,77.21719,216.0,10.389999999999999,41.27379901605076,2.8,MOCK,1.0,true
1788513385969999872,1788513385970,28.63206,77.21726,216.0,10.66,41.27379901605076,2.8,MOCK,1.0,true
1788513386412000000,1788513386412,28.63213,77.21733,216.0,10.93,41.27379901605076,2.8,MOCK,1.0,true
1788513386927000064,1788513386927,28.6322,77.2174,216.0,11.2,47.0100749403083,2.8,MOCK,1.0,true
1788513387436000000,1788513387436,28.63229,77.21751,216.0,11.459999999999999,47.0100749403083,2.8,MOCK,1.0,true
1788513388012999936,1788513388013,28.63238,77.21762,216.0,11.719999999999999,47.0100749403083,2.8,MOCK,1.0,true
1788513388449999872,1788513388450,28.63247,77.21773,216.0,11.98,47.0100749403083,2.8,MOCK,1.0,true
1788513388972000000,1788513388972,28.63256,77.21784,216.0,12.24,47.0100749403083,2.8,MOCK,1.0,true
1788513389470000128,1788513389470,28.632649999999998,77.21795,216.0,12.5,47.0100749403083,2.8,MOCK,1.0,true
1788513390124999936,1788513390125,28.63274,77.21806000000001,216.0,12.76,47.0100749403083,2.8,MOCK,1.0,true
1788513390487000064,1788513390487,28.63283,77.21817,216.0,13.02,47.0100749403083,2.8,MOCK,1.0,true
1788513391020000000,1788513391020,28.63292,77.21828000000001,216.0,13.280000000000001,47.0100749403083,2.8,MOCK,1.0,true
1788513391504999936,1788513391505,28.63301,77.21839,216.0,13.540000000000001,47.0100749403083,2.8,MOCK,1.0,true
1788513392051000064,1788513392051,28.6331,77.2185,216.0,13.8,46.04812693228155,2.8,MOCK,1.0,true
1788513392524000000,1788513392524,28.63321,77.21863,216.0,13.67,46.04812693228155,2.8,MOCK,1.0,true
1788513393081999872,1788513393082,28.633319999999998,77.21876,216.0,13.540000000000001,46.04812693228155,2.8,MOCK,1.0,true
1788513393542000128,1788513393542,28.63343,77.21889,216.0,13.41,46.04812693228155,2.8,MOCK,1.0,true
1788513394112999936,1788513394113,28.63354,77.21902,216.0,13.280000000000001,46.04812693228155,2.8,MOCK,1.0,true
1788513394560999936,1788513394561,28.63365,77.21915000000001,216.0,13.15,46.04812693228155,2.8,MOCK,1.0,true
1788513395135000064,1788513395135,28.63376,77.21928000000001,216.0,13.02,46.04812693228155,2.8,MOCK,1.0,true
1788513395579000064,1788513395579,28.633869999999998,77.21941000000001,216.0,12.89,46.04812693228155,2.8,MOCK,1.0,true
1788513396156000000,1788513396156,28.63398,77.21954000000001,216.0,12.76,46.04812693228155,2.8,MOCK,1.0,true
