timestamp_ns,timestamp_ms,latitude,longitude,altitude,accuracy_h,accuracy_v,speed,bearing,provider,is_mock
66650205766246,1788474169273,28.5808991,77.167792,204.20001220703125,8.954000473022461,0.0,0.42670100927352905,350.34063720703125,fused,false
66651219169891,1788474170274,28.5809,77.167792,204.20001220703125,9.331999778747559,0.0,0.436132550239563,348.2052917480469,fused,false
66651792664058,1788474170773,28.5808985,77.1677926,204.20001220703125,9.550999641418457,0.0,0.43653038144111633,349.8700256347656,fused,false
66652224734943,1788474171277,28.5808872,77.1677767,204.20001220703125,9.876999855041504,0.0,0.44184383749961853,250.97450256347656,fused,false
66653287168797,1788474172274,28.580885,77.167775,204.20001220703125,10.131999969482422,0.0,0.36324968934059143,255.77099609375,fused,false
66654256011557,1788474173274,28.5808846,77.1677743,204.20001220703125,10.493000030517578,0.0,0.40105578303337097,258.03094482421875,fused,false
66655209060775,1788474174273,28.5808846,77.1677737,204.20001220703125,10.765999794006348,0.0,0.42610543966293335,258.923583984375,fused,false
66656241933067,1788474175273,28.5808848,77.1677733,204.20001220703125,11.024999618530273,0.0,0.4489792287349701,257.64337158203125,fused,false
66657217305931,1788474176274,28.5808851,77.167773,204.20001220703125,11.322999954223633,0.0,0.48029738664627075,256.3229675292969,fused,false
66658221078482,1788474177273,28.5808958,77.1677913,204.20001220703125,11.642000198364258,0.0,0.4204348623752594,23.98822593688965,fused,false
66659218828586,1788474178274,28.5808987,77.1677947,204.20001220703125,11.72700023651123,0.0,0.39904436469078064,19.439409255981445,fused,false
66660227979992,1788474179275,28.5809005,77.1677961,204.20001220703125,11.680000305175781,0.0,0.4252210259437561,22.699708938598633,fused,false
66660888044211,1788474179950,28.5809013,77.1677968,204.20001220703125,11.770000457763672,0.0,0.4259774088859558,19.9446964263916,fused,false
66662261808585,1788474181274,28.5809032,77.1677977,204.20001220703125,11.911999702453613,0.0,0.48902472853660583,15.503173828125,fused,false
66662933387283,1788474181974,28.5809016,77.1677972,204.20001220703125,12.107999801635742,0.0,0.489359050989151,17.266517639160156,fused,false
66664239551553,1788474183274,28.580911,77.1678116,204.20001220703125,12.159000396728516,0.0,0.5042291879653931,89.97802734375,fused,false
66665217104157,1788474184274,28.5809105,77.1678124,204.20001220703125,12.07800006866455,0.0,0.5288416147232056,90.00587463378906,fused,false
66666202535719,1788474185277,28.5809102,77.1678128,204.20001220703125,12.130000114440918,0.0,0.5293090343475342,90.00606536865234,fused,false
66667264406239,1788474186284,28.5809098,77.1678127,204.20001220703125,12.201000213623047,0.0,0.5418833494186401,90.00650024414062,fused,false
66668219322229,1788474187274,28.5809092,77.167812,204.20001220703125,12.222000122070312,0.0,0.5715088248252869,90.0103988647461,fused,false
66668800715301,1788474187795,28.5809088,77.167807,204.10000610351562,12.329999923706055,0.0,0.5716807246208191,90.0,fused,false
66669235436499,1788474188273,28.5809124,77.1678146,204.10000610351562,12.116000175476074,0.0,0.4580305814743042,89.98400115966797,fused,false
66670249021134,1788474189274,28.5809128,77.1678153,204.10000610351562,11.96399974822998,0.0,0.41746413707733154,89.99574279785156,fused,false
66671235640925,1788474190274,28.5809127,77.1678156,204.10000610351562,11.664999961853027,0.0,0.44662538170814514,90.00037384033203,fused,false
66672232552019,1788474191274,28.5809125,77.1678158,204.10000610351562,11.505000114440918,0.0,0.48596498370170593,90.00303649902344,fused,false
66672977605039,1788474192029,28.5809124,77.1678161,204.10000610351562,11.378000259399414,0.0,0.486251562833786,90.00077819824219,fused,false
66674226276028,1788474193273,28.5809119,77.1678148,204.10000610351562,11.192000389099121,0.0,0.40282994508743286,90.00336456298828,fused,false
66675215194622,1788474194274,28.5809085,77.1678026,204.20001220703125,11.041000366210938,0.0,0.3737812340259552,90.00686645507812,fused,false
66676228478632,1788474195274,28.5809078,77.1678015,204.20001220703125,10.944000244140625,0.0,0.3567591905593872,90.00390625,fused,false
66677246127329,1788474196274,28.5809072,77.1678012,204.20001220703125,10.793999671936035,0.0,0.34255990386009216,90.00342559814453,fused,false
66678251919777,1788474197275,28.5809068,77.1678011,204.20001220703125,10.282999992370605,0.0,0.3178890645503998,90.00236511230469,fused,false
66679258655245,1788474198274,28.5809063,77.1678008,204.20001220703125,10.267000198364258,0.0,0.29781675338745117,90.0014419555664,fused,false
66680233605245,1788474199278,28.5809062,77.1678009,204.20001220703125,10.227999687194824,0.0,0.29817938804626465,90.00050354003906,fused,false
66681211821547,1788474200274,28.580894,77.1677948,204.20001220703125,10.1899995803833,0.0,0.3047472834587097,205.50137329101562,fused,false
66682223769827,1788474201274,28.5808918,77.1677927,204.20001220703125,10.161999702453613,0.0,0.28963035345077515,211.77975463867188,fused,false
66682675171025,1788474201729,28.5808915,77.1677923,204.20001220703125,10.187000274658203,0.0,0.28981149196624756,216.13609313964844,fused,false
66683243994306,1788474202274,28.5808916,77.1677921,204.20001220703125,10.180999755859375,0.0,0.2744652032852173,223.44151306152344,fused,false
66684271223160,1788474203274,28.5808922,77.1677916,204.20001220703125,10.163000106811523,0.0,0.26917707920074463,232.0185546875,fused,false
66685228725712,1788474204274,28.5808926,77.1677912,204.20001220703125,10.16100025177002,0.0,0.2682788074016571,234.13143920898438,fused,false
66686125851024,1788474205159,28.580893,77.1677915,204.20001220703125,10.194999694824219,0.0,0.2686062157154083,234.93182373046875,fused,false
66687226207482,1788474206274,28.5808857,77.1677762,204.20001220703125,10.17199993133545,0.0,0.26983970403671265,246.46197509765625,fused,false
66688248209356,1788474207274,28.5808857,77.1677755,204.20001220703125,10.184000015258789,0.0,0.3077664077281952,245.59547424316406,fused,false
66689240503054,1788474208274,28.5808865,77.1677741,204.20001220703125,10.105999946594238,0.0,0.29321977496147156,254.1761016845703,fused,false
66690223973835,1788474209274,28.5808872,77.1677738,204.20001220703125,10.093000411987305,0.0,0.28377074003219604,253.29661560058594,fused,false
66691224675605,1788474210275,28.5808877,77.1677739,204.20001220703125,10.12600040435791,0.0,0.2775261104106903,254.5450439453125,fused,false
66692228496126,1788474211275,28.5808931,77.1677818,204.20001220703125,10.11400032043457,0.0,0.2589789628982544,260.28582763671875,fused,false
66693258420865,1788474212274,28.5808937,77.1677826,204.20001220703125,10.086999893188477,0.0,0.25093892216682434,260.9124450683594,fused,false
66694268138677,1788474213273,28.580894,77.167783,204.20001220703125,10.013999938964844,0.0,0.2412559688091278,254.08164978027344,fused,false
66695213834198,1788474214274,28.5808931,77.1677832,204.20001220703125,10.062000274658203,0.0,0.24600210785865784,247.76487731933594,fused,false
66696252489093,1788474215274,28.5808927,77.1677834,204.20001220703125,10.097000122070312,0.0,0.242624431848526,243.13790893554688,fused,false
66697218084822,1788474216273,28.5808926,77.1677835,204.20001220703125,10.118000030517578,0.0,0.24938064813613892,244.19143676757812,fused,false
66698225047269,1788474217274,28.5808838,77.1677797,204.20001220703125,10.241000175476074,0.0,0.2587035000324249,224.30552673339844,fused,false
66699224973467,1788474218274,28.5808828,77.1677795,204.20001220703125,10.258000373840332,0.0,0.2596902549266815,226.71759033203125,fused,false
66700254840133,1788474219274,28.5808825,77.1677793,204.20001220703125,10.241999626159668,0.0,0.2969858646392822,228.8904266357422,fused,false
66701227767164,1788474220273,28.5808823,77.167779,204.20001220703125,10.295999526977539,0.0,0.305865079164505,231.53103637695312,fused,false
66702225058882,1788474221274,28.5808823,77.1677787,204.20001220703125,10.385000228881836,0.0,0.358676552772522,236.32464599609375,fused,false
66702836913049,1788474221839,28.5808833,77.1677799,204.20001220703125,10.508999824523926,0.0,0.3588743209838867,235.01927185058594,fused,false
66704257237632,1788474223273,28.580879,77.1677705,204.20001220703125,10.644000053405762,0.0,0.4386022686958313,237.42926025390625,fused,false
66705250008725,1788474224273,28.5808785,77.1677694,204.20001220703125,10.77400016784668,0.0,0.4673077166080475,235.5074920654297,fused,false
66706248834558,1788474225274,28.5808779,77.1677686,204.20001220703125,11.038000106811523,0.0,0.4821321964263916,235.21206665039062,fused,false
66707264304141,1788474226275,28.5808774,77.1677679,204.20001220703125,11.449000358581543,0.0,0.4919460415840149,236.9799041748047,fused,false
66708227993307,1788474227279,28.5808767,77.1677667,204.20001220703125,11.744000434875488,0.0,0.49254345893859863,235.84423828125,fused,false
66709235837369,1788474228273,28.5808742,77.1677674,204.20001220703125,12.16100025177002,0.0,0.6053994297981262,231.31787109375,fused,false
66710219205025,1788474229274,28.5808733,77.167767,204.20001220703125,12.602999687194824,0.0,0.7249377369880676,233.0521240234375,fused,false
66711240874816,1788474230274,28.5808723,77.1677655,204.20001220703125,12.706999778747559,0.0,0.7673031687736511,235.98707580566406,fused,false
66712224081535,1788474231275,28.5808717,77.1677641,204.20001220703125,13.286999702453613,0.0,0.8428966999053955,238.11370849609375,fused,false
66713238821014,1788474232274,28.5808716,77.1677627,204.20001220703125,13.729999542236328,0.0,0.9077000617980957,237.24215698242188,fused,false
66713905566742,1788474232919,28.5808754,77.1677685,204.20001220703125,14.192000389099121,0.0,0.9099226593971252,233.51907348632812,fused,false
66715232695804,1788474234274,28.58084,77.1677289,204.20001220703125,14.800000190734863,0.0,1.6137031316757202,228.842529296875,fused,false
66716251170335,1788474235274,28.5808359,77.1677232,204.20001220703125,15.819999694824219,0.0,1.5873348712921143,229.45880126953125,fused,false
66717230695022,1788474236273,28.5808343,77.1677195,204.20001220703125,16.611000061035156,0.0,1.7571877241134644,231.3930206298828,fused,false
66718226507210,1788474237274,28.5808351,77.1677141,204.20001220703125,17.941999435424805,0.0,2.620713710784912,238.53709411621094,fused,false
66719233329918,1788474238274,28.580836,77.1677021,204.20001220703125,19.66200065612793,0.0,1.9070284366607666,245.10693359375,fused,false
66720228882938,1788474239274,28.5808336,77.167675,204.20001220703125,22.680999755859375,0.0,1.6646537780761719,241.01470947265625,fused,false
66721225111115,1788474240274,28.5808324,77.1676655,204.20001220703125,23.461000442504883,0.0,2.202392101287842,246.60377502441406,fused,false
66722241037781,1788474241279,28.5808278,77.1676497,204.20001220703125,24.035999298095703,0.0,2.2295081615448,245.37057495117188,fused,false
66723210973145,1788474242274,28.5808312,77.1676409,204.20001220703125,24.378999710083008,0.0,0.9137817621231079,254.03256225585938,fused,false
66724270243978,1788474243273,28.5808412,77.1676483,204.20001220703125,23.29199981689453,0.0,0.6293871402740479,260.40576171875,fused,false
66725042618405,1788474244099,28.5808454,77.1676533,204.20001220703125,22.923999786376953,0.0,0.628520667552948,260.486328125,fused,false
66726253673248,1788474245274,28.5808509,77.1676774,204.20001220703125,20.8799991607666,0.0,0.8270881772041321,257.2860107421875,fused,false
66727242980279,1788474246273,28.5808525,77.1676744,204.20001220703125,20.277000427246094,0.0,1.303115725517273,260.29229736328125,fused,false
66728278910695,1788474247274,28.5808534,77.1676656,204.20001220703125,18.61400032043457,0.0,1.1494503021240234,261.7876892089844,fused,false
66729288409862,1788474248274,28.5808543,77.1676574,204.20001220703125,17.135000228881836,0.0,1.3762177228927612,266.388916015625,fused,false
66730221792049,1788474249274,28.5808558,77.1676464,204.20001220703125,17.746999740600586,0.0,1.17439866065979,270.9947204589844,fused,false
66731222408663,1788474250274,28.5808737,77.167657,204.20001220703125,18.299999237060547,0.0,0.8061710000038147,289.55242919921875,fused,false
66732239836892,1788474251273,28.5808775,77.167657,204.20001220703125,18.763999938964844,0.0,0.7705079913139343,288.5927734375,fused,false
66733251074496,1788474252274,28.5808797,77.1676541,204.20001220703125,19.034000396728516,0.0,0.7235612869262695,290.4454040527344,fused,false
66734224974964,1788474253274,28.5808809,77.1676511,204.20001220703125,19.572999954223633,0.0,0.6653660535812378,289.3576965332031,fused,false
66735222313245,1788474254274,28.5808814,77.1676485,204.20001220703125,19.559999465942383,0.0,0.6115585565567017,287.35858154296875,fused,false
66736234840692,1788474255178,28.580881,77.1676491,204.20001220703125,19.742000579833984,0.0,0.6114330291748047,288.0583801269531,fused,false
66737284984650,1788474256274,28.5808572,77.1676375,204.20001220703125,18.555999755859375,0.0,0.3171156048774719,271.4377746582031,fused,false
66738228161681,1788474257274,28.5808558,77.1676395,204.20001220703125,17.542999267578125,0.0,0.3143303394317627,274.2087097167969,fused,false
66739228121160,1788474258274,28.5808552,77.16764,204.20001220703125,16.33099937438965,0.0,0.31395620107650757,277.0600891113281,fused,false
66740216713087,1788474259274,28.5808556,77.1676395,204.20001220703125,15.234999656677246,0.0,0.3319266736507416,275.70794677734375,fused,false
66741227049284,1788474260273,28.5808564,77.1676382,204.20001220703125,13.553999900817871,0.0,0.4144287407398224,276.81475830078125,fused,false
66742248636159,1788474261273,28.580858,77.1676356,204.20001220703125,13.484000205993652,0.0,0.47324761748313904,278.09564208984375,fused,false
66743271372981,1788474262273,28.5808587,77.1676336,204.20001220703125,13.364999771118164,0.0,0.553249180316925,278.8441467285156,fused,false
66744261223450,1788474263274,28.5808593,77.1676312,204.20001220703125,13.223999977111816,0.0,0.4882591664791107,280.0132141113281,fused,false
