model,runtime,method,outage_duration_s,samples,horizontal_rmse_m,horizontal_mae_m,max_position_error_m,velocity_rmse_kmh,velocity_mae_kmh,yaw_rate_rmse_degps,mean_latency_ms
tcn,torch,ml_eskf,5.0,50,25.080840144220208,23.757104022276177,44.63226193909174,4.076974530520804,3.5971402235412597,40.32550084649086,0.961
tcn,torch,ml_eskf,10.0,100,44.96287025865978,40.83648742088664,70.02669452121351,4.26438171960631,3.7595791974639887,39.55348820425865,0.842
tcn,torch,ml_eskf,20.0,200,54.14124618291663,51.090513281350475,71.13322061841305,4.440287455595251,3.976869889755249,39.883151067420194,0.846
tcn,torch,ml_eskf,30.0,300,55.092992662859494,52.83403373447077,71.13322061841305,4.8115961282902,4.32243557510376,39.53171447180715,0.841
tcn,torch,ml_eskf,60.0,600,55.797715526978564,54.38927231466986,71.13322061841305,4.53798796021264,3.943786179396311,36.94418734014984,0.839
tcn,onnx,ml_eskf,5.0,50,25.08233637072014,23.758683550205827,44.63505672262217,4.076974691967658,3.597140326538086,40.32550084614241,0.098
tcn,onnx,ml_eskf,10.0,100,44.96476344019587,40.83847814355018,70.0281607492588,4.264381901459646,3.759579300460815,39.553488271980605,0.091
tcn,onnx,ml_eskf,20.0,200,54.1427600901461,51.09214125298286,71.13517678057104,4.440287467534837,3.9768699155044547,39.883151129118254,0.087
tcn,onnx,ml_eskf,30.0,300,55.09443844503855,52.83555626877665,71.13517678057104,4.811596170993348,4.322435655212402,39.53171450695619,0.085
tcn,onnx,ml_eskf,60.0,600,55.7981700470774,54.38978770039105,71.13517678057104,4.5379879717371345,3.943786203715006,36.94418738714377,0.083
gru,torch,ml_eskf,5.0,50,16.979825121955848,15.858110491681058,28.826083184952488,4.0869128166342295,3.16522843170166,29.802989734486907,0.468
gru,torch,ml_eskf,10.0,100,22.768888135135974,21.301389859039045,36.15901092268303,3.9164986871398177,3.2555270635986324,28.792915245912933,0.469
gru,torch,ml_eskf,20.0,200,24.56935579969921,23.364113509266584,36.86235554898479,4.412302140397531,3.6142578319931027,29.639804624397353,0.452
gru,torch,ml_eskf,30.0,300,22.348751074704577,20.600207682242715,36.86235554898479,4.428743518871836,3.6325655607859293,29.348433359689892,0.445
gru,torch,ml_eskf,60.0,600,25.522314634816528,23.10979783622565,48.83196293292788,4.151530576050758,3.344328616568247,26.148595512421814,0.456
gru,onnx,ml_eskf,5.0,50,12.618047509700569,10.889794527648043,22.35982601716421,4.086912153384506,3.1652275390625,29.80299018584385,0.069
gru,onnx,ml_eskf,10.0,100,14.762995815040291,13.45027568804018,24.61159805826684,3.9164983744988566,3.2555265486145015,28.792915631717527,0.075
gru,onnx,ml_eskf,20.0,200,23.63425338683656,21.214727615786206,40.79703194762046,4.412301767875147,3.614257411422729,29.639805072718026,0.064
gru,onnx,ml_eskf,30.0,300,24.701903156757886,22.573471191459575,41.63809116360451,4.428743076291504,3.6325650973002115,29.348433771860737,0.059
gru,onnx,ml_eskf,60.0,600,24.9561062878828,23.19664337060289,41.77208172271495,4.151530251648234,3.344328206011454,26.148595912247462,0.056
mlp,torch,ml_eskf,5.0,50,27.627580045391326,25.958892523500637,43.65620324532961,2.849487104199506,2.372589315185547,40.375963346309,0.107
mlp,torch,ml_eskf,10.0,100,46.682333785417086,41.52453232777398,94.13672931275538,4.182871710809344,3.722785148925781,39.67546414663563,0.104
mlp,torch,ml_eskf,20.0,200,64.86083500164874,58.416060846788724,124.52754409213392,4.376722685709237,3.7616369650650023,40.09566388979595,0.101
mlp,torch,ml_eskf,30.0,300,72.08311440928125,66.25901358701408,124.52754409213392,4.646503646084633,3.990870052185058,39.874082843821604,0.1
mlp,torch,ml_eskf,60.0,600,88.28030400331498,75.89938478522204,279.44046935508396,4.278714314576353,3.562042618815104,36.9552604957501,0.097
mlp,onnx,ml_eskf,5.0,50,28.695108423015864,27.453711293965863,36.877827941719104,2.849487286038143,2.372589280853272,40.37596334619138,0.036
mlp,onnx,ml_eskf,10.0,100,52.7617928058428,46.438208787885344,110.24172700374896,4.182871763599932,3.722785148925781,39.67546412470497,0.039
mlp,onnx,ml_eskf,20.0,200,79.17261885108756,71.39013785966384,131.88331848986488,4.376722330545123,3.7616367333221428,40.09566395272553,0.034
mlp,onnx,ml_eskf,30.0,300,96.72904325191064,88.3220650321336,157.45337367420044,4.646503319913811,3.9908697317504873,39.874082930771536,0.032
mlp,onnx,ml_eskf,60.0,600,117.25243351992367,108.62988409207681,193.53434051854168,4.278714107742001,3.5620423269907633,36.95526052861987,0.031
kinematic,torch,ml_eskf,5.0,50,27.47491571924089,25.350728988452715,57.98546854071227,113.61383238865749,112.44781444496482,3.3471315886850155,0.007
kinematic,torch,ml_eskf,10.0,100,46.12524313300003,43.90566769057473,62.94285512563626,220.82241171922865,220.4238360439355,3.5437996692835148,0.007
kinematic,torch,ml_eskf,20.0,200,901.8744528107716,719.0982918760731,1834.061434949228,325.21631254243397,324.6625154252191,3.605286779878244,0.007
kinematic,torch,ml_eskf,30.0,300,314.98952453549174,294.618568233741,478.97938762847446,365.2191237998703,364.75692043743726,3.6933057045632123,0.007
kinematic,torch,ml_eskf,60.0,600,518.3632158768378,485.37886759822607,748.1375919310942,386.46349808484763,385.9292457721158,3.6037477864959606,0.008
