session_id,driver,style,category,s_samples,v_samples,duration_s,tau_star_sec,gyro_corr,speed_corr,best_gyro_axis,psi_mount_deg,reliable,reason,usable_windows
M,Driver B,Defensive,M (Driver B),105974,105974,10597.4,-1.3,0.8658,0.95,Pitch,0.0,True,VERIFIED_AXIS_CORRELATION,105942
S1,Driver A,Defensive,S (Driver A),51746,51746,5174.6,-0.2,0.9785,0.9287,Pitch,0.0,True,VERIFIED_AXIS_CORRELATION,51725
S2,Driver A,Defensive,S (Driver A),93876,93876,9387.6,-8.7,0.9377,0.9605,Pitch,0.0,True,VERIFIED_AXIS_CORRELATION,93770
S3a,Driver A,Defensive,S (Driver A),24621,24621,2462.1,6.7,0.9855,0.9668,Pitch,0.0,True,VERIFIED_AXIS_CORRELATION,24535
S3b,Driver A,Defensive,S (Driver A),6813,6813,681.3,-4.6,0.7626,0.7755,Pitch,180.0,True,VERIFIED_AXIS_CORRELATION,6748
S3c,Driver A,Defensive,S (Driver A),37183,37183,3718.3,-0.5,0.9981,0.98,Pitch,180.0,True,VERIFIED_AXIS_CORRELATION,37159
S4,Driver A,Defensive,S (Driver A),94600,94600,9460.0,-1.8,0.4622,0.5197,Pitch,0.0,True,VERIFIED_AXIS_CORRELATION,94563
Vfa01,Driver E,Aggressive,Vf (Driver E),11486,11535,1148.6,-5.1,0.2998,0.9774,Pitch,180.0,True,VERIFIED_AXIS_CORRELATION,11416
Vfa02,Driver E,Aggressive,Vf (Driver E),67523,67755,6752.3,-8.7,0.3333,0.9882,Pitch,0.0,True,VERIFIED_AXIS_CORRELATION,67417
Vta10,Driver E,Aggressive,Vta (Driver E),1502,1502,150.2,-0.3,0.4316,0.9608,Pitch,0.0,True,VERIFIED_AXIS_CORRELATION,1480
Vta11,Driver E,Aggressive,Vta (Driver E),510,510,51.0,-0.4,0.6971,0.7775,Pitch,180.0,True,VERIFIED_AXIS_CORRELATION,487
Vta12,Driver E,Aggressive,Vta (Driver E),610,610,61.0,10.0,0.389,0.922,Yaw,-90.0,True,LOW_CORRELATION,491
Vta13,Driver E,Aggressive,Vta (Driver E),404,404,40.4,-2.9,0.2685,0.827,Pitch,180.0,True,LOW_CORRELATION,356
Vta14,Driver E,Aggressive,Vta (Driver E),2885,2885,288.5,-0.5,0.1699,0.9467,Pitch,180.0,True,LOW_CORRELATION,2861
Vta15,Driver E,Aggressive,Vta (Driver E),833,833,83.3,-4.2,0.1977,0.9017,Pitch,0.0,True,LOW_CORRELATION,772
Vta16,Driver E,Aggressive,Vta (Driver E),11335,11335,1133.5,-1.7,0.4453,0.9702,Pitch,180.0,True,VERIFIED_AXIS_CORRELATION,11299
Vta17,Driver E,Aggressive,Vta (Driver E),4519,4519,451.9,-1.5,0.3495,0.8883,Pitch,180.0,True,VERIFIED_AXIS_CORRELATION,4485
Vta19,Driver E,Aggressive,Vta (Driver E),292,292,29.2,0.1,0.503,0.7199,Pitch,180.0,True,VERIFIED_AXIS_CORRELATION,272
Vta1a,Driver E,Aggressive,Vta (Driver E),25676,25676,2567.6,13.8,0.2409,0.9968,Pitch,0.0,True,VERIFIED_AXIS_CORRELATION,25519
Vta1b,Driver E,Aggressive,Vta (Driver E),954,953,95.4,-0.4,0.1833,0.9943,Pitch,0.0,True,LOW_CORRELATION,930
Vta2,Driver E,Aggressive,Vta (Driver E),10991,10991,1099.1,-0.8,0.4001,0.9963,Pitch,0.0,True,VERIFIED_AXIS_CORRELATION,10964
Vta20,Driver E,Aggressive,Vta (Driver E),3223,3223,322.3,-27.4,0.3914,0.9682,Pitch,180.0,True,VERIFIED_AXIS_CORRELATION,2930
Vta21,Driver E,Aggressive,Vta (Driver E),2079,2079,207.9,-9.5,0.2171,0.8976,Pitch,0.0,True,VERIFIED_AXIS_CORRELATION,1965
Vta22,Driver E,Aggressive,Vta (Driver E),1564,1564,156.4,-4.7,0.2731,0.8316,Pitch,180.0,True,VERIFIED_AXIS_CORRELATION,1498
Vta23,Driver E,Aggressive,Vta (Driver E),1110,1110,111.0,-1.8,0.1901,0.8926,Pitch,0.0,True,LOW_CORRELATION,1073
Vta24,Driver E,Aggressive,Vta (Driver E),1171,1171,117.1,-1.0,0.5921,0.9376,Pitch,180.0,True,VERIFIED_AXIS_CORRELATION,1142
Vta25,Driver E,Aggressive,Vta (Driver E),646,646,64.6,1.4,0.7358,0.9122,Pitch,0.0,True,VERIFIED_AXIS_CORRELATION,613
Vta26,Driver E,Aggressive,Vta (Driver E),1935,1935,193.5,-2.8,0.1444,0.9627,Pitch,180.0,True,LOW_CORRELATION,1888
Vta27,Driver E,Aggressive,Vta (Driver E),2540,2540,254.0,4.3,0.0939,0.6765,Pitch,180.0,False,LOW_CORRELATION,2478
Vta28,Driver E,Aggressive,Vta (Driver E),4210,4210,421.0,0.4,0.3294,0.907,Pitch,180.0,True,VERIFIED_AXIS_CORRELATION,4187
Vta29,Driver E,Aggressive,Vta (Driver E),23705,23705,2370.5,4.4,0.2392,0.9612,Pitch,0.0,True,VERIFIED_AXIS_CORRELATION,23642
Vta3,Driver E,Aggressive,Vta (Driver E),645,645,64.5,-24.4,0.133,0.9405,Pitch,180.0,True,LOW_CORRELATION,382
Vta30,Driver E,Aggressive,Vta (Driver E),17136,17136,1713.6,-3.6,0.3772,0.9701,Pitch,0.0,True,VERIFIED_AXIS_CORRELATION,17081
Vta4,Driver E,Aggressive,Vta (Driver E),1789,1789,178.9,-1.2,0.2309,0.8594,Pitch,0.0,True,VERIFIED_AXIS_CORRELATION,1758
Vta5,Driver E,Aggressive,Vta (Driver E),307,307,30.7,-0.2,0.5895,0.8666,Pitch,0.0,True,VERIFIED_AXIS_CORRELATION,286
Vta6,Driver E,Aggressive,Vta (Driver E),1376,1376,137.6,-1.8,0.1768,0.9493,Pitch,180.0,True,LOW_CORRELATION,1339
Vta7,Driver E,Aggressive,Vta (Driver E),840,840,84.0,-1.6,0.4492,0.9589,Pitch,0.0,True,VERIFIED_AXIS_CORRELATION,805
Vta8,Driver E,Aggressive,Vta (Driver E),3676,3676,367.6,-1.5,0.4348,0.977,Pitch,0.0,True,VERIFIED_AXIS_CORRELATION,3642
Vta9,Driver E,Aggressive,Vta (Driver E),156,156,15.6,-4.2,0.2936,0.8168,Pitch,0.0,True,VERIFIED_AXIS_CORRELATION,95
Vtb1,Driver E,Aggressive,Vtb (Driver E),32459,32459,3245.9,-1.1,0.2778,0.7594,Pitch,0.0,True,VERIFIED_AXIS_CORRELATION,32429
Vtb10,Driver E,Aggressive,Vtb (Driver E),196,195,19.6,-5.1,0.653,0.7247,Pitch,180.0,True,VERIFIED_AXIS_CORRELATION,125
Vtb11,Driver E,Aggressive,Vtb (Driver E),361,361,36.1,8.7,0.1659,0.6703,Pitch,0.0,False,LOW_CORRELATION,255
Vtb12,Driver E,Aggressive,Vtb (Driver E),447,447,44.7,0.1,0.6608,0.8391,Pitch,0.0,True,VERIFIED_AXIS_CORRELATION,427
Vtb2,Driver E,Aggressive,Vtb (Driver E),5712,5712,571.2,-0.9,0.3354,0.9636,Pitch,180.0,True,VERIFIED_AXIS_CORRELATION,5684
Vtb3,Driver E,Aggressive,Vtb (Driver E),8240,8240,824.0,-0.3,0.4322,0.9634,Pitch,180.0,True,VERIFIED_AXIS_CORRELATION,8218
Vtb4,Driver E,Aggressive,Vtb (Driver E),556,556,55.6,-3.6,0.2632,0.8719,Pitch,0.0,True,VERIFIED_AXIS_CORRELATION,501
Vtb5,Driver E,Aggressive,Vtb (Driver E),64388,64388,6438.8,26.5,0.2407,0.9878,Pitch,0.0,True,VERIFIED_AXIS_CORRELATION,64104
Vtb6,Driver E,Aggressive,Vtb (Driver E),498,498,49.8,7.6,0.6494,0.7672,Roll,169.0,True,VERIFIED_AXIS_CORRELATION,403
Vtb7,Driver E,Aggressive,Vtb (Driver E),461,461,46.1,0.7,0.312,0.9284,Pitch,0.0,True,VERIFIED_AXIS_CORRELATION,435
Vtb8,Driver E,Aggressive,Vtb (Driver E),668,668,66.8,6.1,0.2027,0.7203,Pitch,0.0,True,LOW_CORRELATION,588
Vtb9,Driver E,Aggressive,Vtb (Driver E),452,452,45.2,5.8,0.1968,0.8487,Roll,-32.1,True,LOW_CORRELATION,375
Vw1,Driver E,Aggressive,Vw (Driver E),20476,20475,2047.6,0.0,0.0,0.0,STATIONARY_NO_TURNS,0.0,True,STATIONARY_BENCHMARK_RUN,20456
Vw10,Driver E,Aggressive,Vw (Driver E),652,652,65.2,0.0,0.2329,0.8756,Pitch,0.0,True,LOW_CORRELATION,633
Vw11,Driver E,Aggressive,Vw (Driver E),4909,4909,490.9,-1.8,0.4831,0.9747,Pitch,0.0,True,VERIFIED_AXIS_CORRELATION,4872
Vw12,Driver E,Aggressive,Vw (Driver E),918,918,91.8,2.1,0.0892,0.9241,Yaw,-90.0,True,LOW_CORRELATION,878
Vw13,Driver E,Aggressive,Vw (Driver E),284,284,28.4,1.8,0.2155,0.8046,Pitch,0.0,True,LOW_CORRELATION,247
Vw14a,Driver E,Aggressive,Vw (Driver E),3138,3138,313.8,-4.1,0.1191,0.8885,Yaw,90.0,True,LOW_CORRELATION,3078
Vw14b,Driver E,Aggressive,Vw (Driver E),19588,19588,1958.8,-4.1,0.1495,0.9907,Pitch,0.0,True,LOW_CORRELATION,19528
Vw14c,Driver E,Aggressive,Vw (Driver E),15826,15826,1582.6,-2.1,0.4235,0.984,Pitch,0.0,True,VERIFIED_AXIS_CORRELATION,15786
Vw15,Driver E,Aggressive,Vw (Driver E),1380,1391,138.0,0.0,0.0,0.0,STATIONARY_NO_TURNS,0.0,True,STATIONARY_BENCHMARK_RUN,1361
Vw16a,Driver E,Aggressive,Vw (Driver E),5879,5879,587.9,10.3,0.1915,0.9816,Pitch,0.0,True,VERIFIED_AXIS_CORRELATION,5757
Vw16b,Driver E,Aggressive,Vw (Driver E),1126,1126,112.6,0.1,0.3467,0.9479,Pitch,0.0,True,VERIFIED_AXIS_CORRELATION,1106
Vw17,Driver E,Aggressive,Vw (Driver E),329,329,32.9,1.2,0.5883,0.6913,Pitch,0.0,True,VERIFIED_AXIS_CORRELATION,298
Vw2,Driver E,Aggressive,Vw (Driver E),52713,52712,5271.3,-2.2,0.5201,0.9829,Pitch,0.0,True,VERIFIED_AXIS_CORRELATION,52671
Vw3,Driver E,Aggressive,Vw (Driver E),3861,3861,386.1,-0.4,0.495,0.9422,Pitch,180.0,True,VERIFIED_AXIS_CORRELATION,3838
Vw4,Driver E,Aggressive,Vw (Driver E),126526,126527,12652.6,-0.6,0.4692,0.9859,Pitch,0.0,True,VERIFIED_AXIS_CORRELATION,126501
Vw5,Driver E,Aggressive,Vw (Driver E),1012,1012,101.2,-3.0,0.4696,0.7214,Pitch,180.0,True,VERIFIED_AXIS_CORRELATION,963
Vw6,Driver E,Aggressive,Vw (Driver E),1281,1281,128.1,1.0,0.5535,0.6091,Pitch,180.0,True,VERIFIED_AXIS_CORRELATION,1252
Vw7,Driver E,Aggressive,Vw (Driver E),1602,1602,160.2,7.7,0.2228,0.3683,Pitch,180.0,False,LOW_CORRELATION,1506
Vw8,Driver E,Aggressive,Vw (Driver E),1529,1529,152.9,0.7,0.3145,0.6887,Pitch,0.0,True,VERIFIED_AXIS_CORRELATION,1503
Vw9,Driver E,Aggressive,Vw (Driver E),552,553,55.2,1.5,0.2123,0.832,Pitch,0.0,True,LOW_CORRELATION,518
Y1,Driver D,Defensive,Y (Driver D),70285,70285,7028.5,-115.7,0.8616,0.9371,Pitch,180.0,True,VERIFIED_AXIS_CORRELATION,69109
