experiment_id,model_family,model_name,split_evaluated,window_size,lambda_omega,param_count,v_rmse_ms,v_rmse_kmh,v_mae_ms,v_max_ms,v_r2,w_rmse_radps,w_rmse_degps,w_mae_radps,w_max_degps,w_r2,drift_rate_deg_per_min,composite_score
B0.1_Mean,Classical,Global Mean,Validation,20,1.0,2,9.7203,34.99,8.1895,20.02,-0.0387,0.0942,5.4,0.0392,47.94,-0.0002,4.89,9.8145
B0.2_Persistence,Classical,Persistence,Validation,20,1.0,0,17.2118,61.96,14.3366,32.71,-2.2567,0.731,41.88,0.4426,2018.34,-59.2456,28.66,17.9428
B0.3_Ridge,Classical,Ridge Regression,Validation,20,1.0,62,8.8998,32.04,7.324,53.95,0.1293,0.0842,4.83,0.0418,63.26,0.2003,11.71,8.984
B1_MLP,Neural_MLP,Shallow MLP,Validation,20,1.0,9890,7.28,26.21,5.686,49.19,0.4174,0.092,5.27,0.0454,45.49,0.0458,62.17,7.372
B2_TCN,Neural_TCN,Tiny Causal TCN,Validation,20,1.0,5938,6.2342,22.44,4.6878,27.18,0.5727,0.0916,5.25,0.0422,70.13,0.0537,0.6,6.3258
B3_GRU,Neural_GRU,Lightweight GRU,Validation,20,1.0,3906,5.9932,21.58,4.4121,27.16,0.6051,0.0858,4.92,0.0441,45.77,0.169,8.02,6.079
Sweep_TCN_lam_0_1,Neural_TCN_Sweep,TCN (lambda=0.1),Validation,20,0.1,5938,6.278,22.6,4.6921,27.18,0.5667,0.0912,5.22,0.0436,53.4,0.063,12.85,6.2872
Sweep_TCN_lam_0_25,Neural_TCN_Sweep,TCN (lambda=0.25),Validation,20,0.25,5938,6.2991,22.68,4.7769,27.06,0.5638,0.0929,5.32,0.0468,57.12,0.027,42.84,6.3223
Sweep_TCN_lam_0_5,Neural_TCN_Sweep,TCN (lambda=0.5),Validation,20,0.5,5938,6.0443,21.76,4.5072,27.21,0.5984,0.0866,4.96,0.0445,43.63,0.1551,25.61,6.0875
Sweep_TCN_lam_1_0,Neural_TCN_Sweep,TCN (lambda=1.0),Validation,20,1.0,5938,6.202,22.33,4.7026,27.18,0.5771,0.092,5.27,0.0457,45.52,0.046,16.43,6.294
Sweep_TCN_lam_2_0,Neural_TCN_Sweep,TCN (lambda=2.0),Validation,20,2.0,5938,6.0229,21.68,4.5132,27.18,0.6012,0.0933,5.35,0.0529,44.56,0.0179,70.37,6.2095
Sweep_TCN_lam_4_0,Neural_TCN_Sweep,TCN (lambda=4.0),Validation,20,4.0,5938,6.1621,22.18,4.5905,27.32,0.5826,0.0896,5.13,0.0431,64.41,0.0945,2.89,6.5205
TEST_B0.1_Mean,Classical,Global Mean,Test,20,0.5,2,8.0422,28.95,6.8108,20.68,-0.0822,0.122,6.99,0.057,52.36,-0.0014,15.72,8.1032
TEST_B0.2_Persistence,Classical,Persistence,Test,20,0.5,0,12.8162,46.14,10.2109,33.23,-1.7483,0.646,37.01,0.3832,487.67,-27.0977,35.94,13.1392
TEST_B0.3_Ridge,Classical,Ridge Regression,Test,20,0.5,62,6.4299,23.15,5.3015,65.24,0.3083,0.075,4.3,0.0414,36.85,0.6212,24.82,6.4674
TEST_WINNING_TCN,Neural_TCN_Frozen,Frozen Tiny Causal TCN (lambda=0.5),Test,20,0.5,5938,4.3446,15.64,3.1444,21.51,0.6842,0.1013,5.8,0.0552,42.94,0.3089,33.0,4.3952
